,by,descendants,id,kids,score,time,title,type,url,text
0,mangoman,53.0,38925704,"[38926051, 38926628, 38926191, 38925779, 38926029, 38925967, 38926474, 38926170, 38926148, 38926218, 38926106, 38926151, 38926409, 38926071, 38926054, 38926013]",119,1704805548,GitHub Having Issues Today,story,https://www.githubstatus.com/incidents/pxg3dz4yg7lp,
1,todsacerdoti,204.0,38923741,"[38924172, 38926317, 38924283, 38924194, 38924826, 38925642, 38924104, 38924377, 38924596, 38924896, 38924941, 38924181, 38924218, 38925231, 38924917, 38925237, 38924173, 38926177, 38924247, 38924261, 38926198, 38924904, 38924286]",439,1704789358,Python 3.13 Gets a JIT,story,https://tonybaloney.github.io/posts/python-gets-a-jit.html,
2,ibobev,3.0,38925928,"[38926657, 38926420, 38926763, 38926413]",29,1704806960,Nebula is an open-source and free-to-use modern C++ game engine,story,https://github.com/gscept/nebula,
3,thunderbong,13.0,38925307,"[38925773, 38926244, 38926117, 38926097, 38925746, 38926033, 38926219]",67,1704802962,Turing Complete is a game about computer science,story,https://turingcomplete.game/,
4,jasonhansel,106.0,38921441,"[38922935, 38926458, 38922984, 38926422, 38923359, 38923668, 38926289, 38923132, 38924587, 38922093, 38921694, 38921745, 38923471, 38925601, 38926557, 38923626, 38921790, 38923540, 38924050, 38921982, 38921699, 38921816, 38922100, 38923733, 38923475, 38924543, 38921451, 38923561, 38921877, 38923714, 38922068, 38922085, 38922645, 38923795, 38921913, 38922019]",411,1704766995,Why does holding a key fob to your head increase its range?,story,https://physics.stackexchange.com/questions/101913/why-does-a-remote-car-key-work-when-held-to-your-head-body,
5,tosh,326.0,38920043,"[38920282, 38920383, 38920484, 38924407, 38920268, 38920285, 38922833, 38920360, 38921826, 38926635, 38920264, 38923009, 38921523, 38926256, 38920530, 38921102, 38923385, 38920733, 38924802, 38920645, 38923644, 38921810, 38922915, 38925282, 38922942, 38920444, 38925469, 38923697, 38920182, 38923294, 38921348, 38920440, 38920689, 38921502, 38923400, 38920353, 38920935, 38920227, 38925018, 38922975, 38922322, 38921404, 38923504, 38921576, 38920820, 38922968, 38920562, 38920785, 38921533, 38920761, 38921043, 38920498, 38922908, 38920181]",798,1704756774,Polars,story,https://pola.rs/,
6,luu,18.0,38924310,"[38925377, 38925113, 38925713, 38925672, 38924576, 38925415]",54,1704794825,Practising Programming,story,https://tratt.net/laurie/blog/2022/practising_programming.html,
7,edward,4.0,38911079,"[38926060, 38926488]",28,1704717331,A Guide for Prospective Tea Monks,story,https://peacefulrevolutionary.substack.com/p/a-guide-for-prospective-tea-monks,
8,skibz,2.0,38924263,"[38926552, 38926314]",35,1704794283,DreamShell: Operating System for the Sega Dreamcast,story,https://github.com/DC-SWAT/DreamShell,
9,l_nk,23.0,38924159,"[38926631, 38926751, 38926603, 38926633, 38926336, 38925716, 38926350, 38926076, 38925785, 38925771, 38925572, 38925729, 38926338]",52,1704793469,Using Git Offline,story,https://www.gibbard.me/using_git_offline/,
10,wolverine876,108.0,38922657,"[38926794, 38926773, 38923884, 38924662, 38925205, 38923853, 38924586, 38925683, 38925353, 38923717, 38923831, 38925618, 38923615, 38924808]",161,1704777760,DARPA Moves Forward on X-65: Plane with no moving control surfaces,story,https://www.darpa.mil/news-events/2024-01-03,
11,festinalente,,38925125,,1,1704801668,Finley (YC W21) Is Hiring for Business Operations and Strategy,job,https://jobs.lever.co/FinleyTechnologies/f3b6fed8-795f-433e-a3f8-7fdec5e85745,
12,adrian_mrd,75.0,38911407,"[38923017, 38923435, 38923725, 38925312, 38924411]",133,1704719440,Money pours into new fabs and facilities,story,https://semiengineering.com/money-pours-into-new-fabs-and-facilities/,
13,mikece,1.0,38926476,[38926755],14,1704810111,"Apple tells EU it has five different App Stores, not just one",story,https://9to5mac.com/2024/01/09/five-different-app-stores/,
14,mozvalentin,119.0,38924300,"[38925216, 38924701, 38926166, 38924720, 38924712, 38925990, 38925065, 38924374, 38924730, 38925628, 38925347, 38924569, 38925800, 38926128, 38924868, 38924895, 38926349, 38925206, 38925691, 38925247, 38926156, 38926175, 38926649, 38925790, 38924981]",254,1704794689,Google breaks search for Firefox users because of bad UA string sniffing,story,https://github.com/webcompat/web-bugs/issues/131916,
15,mmastrac,263.0,38920738,"[38922708, 38923112, 38922673, 38922304, 38923443, 38922259, 38925264, 38924844, 38922562, 38923756, 38924349, 38922634, 38924885, 38923675, 38922321, 38924696, 38922921, 38924790, 38922162, 38923251, 38921081, 38922038]",175,1704761219,Macs can now inform Apple if any liquids have been detected in the USB-C ports,story,https://9to5mac.com/2023/11/03/macs-liquids-detected-in-usb-c-ports/,
16,ecliptik,21.0,38921518,"[38922750, 38926015, 38923734, 38924684, 38922266, 38923458, 38922542, 38922374]",131,1704767497,Mode7 Graphics Library for Playdate,story,https://github.com/risolvipro/playdate-mode7,
17,alexzeitler,4.0,38924101,"[38926667, 38926485]",23,1704793024,Aldi: Culture and Operations of a Hard Discounter,story,https://inpractise.com/articles/aldi-culture-and-operations-of-a-hard-discounter,
18,jlpcsl,26.0,38925501,"[38926467, 38926072, 38926305, 38926368, 38925789]",39,1704804240,AMD Unveils AMD Radeon RX 7600 XT Graphics Card,story,https://www.amd.com/en/newsroom/press-releases/2024-1-8-amd-unveils-amd-radeon-rx-7600-xt-graphics-card--.html,
19,sam345,58.0,38925471,"[38926738, 38926045, 38925868, 38926593, 38926423, 38926282, 38926121, 38926061, 38926504, 38926341, 38925873, 38926052, 38926359, 38926496, 38926143, 38925472, 38926351, 38925867, 38925966]",47,1704804059,Startup Founders Fret over Getting Fired Like Sam Altman,story,https://www.wsj.com/business/entrepreneurship/startup-founders-fret-over-getting-fired-like-sam-altman-1c91917c,
20,xk4rim,37.0,38905590,"[38926758, 38921530, 38921719, 38921677, 38922724, 38921786, 38923552, 38921975, 38924658, 38922373, 38925234, 38921861, 38921567, 38924122, 38924856, 38923474, 38921631, 38922580, 38923511, 38922887, 38908253, 38922282, 38922932, 38921545, 38922482]",137,1704664761,Show HN: I made an interactive math crossword puzzle with infinite levels,story,https://scientific.place/math-crossword/,Hey there! I&#x27;m the brains behind the math crossword game on my site.<p>This game is all about making math a little more fun – users just drag and drop numbers to fill in the blanks and move on to the next level if they get it right.<p>Let me know if face any issues or have any suggestions! :)
21,luu,116.0,38916663,"[38920175, 38919072, 38922785, 38919341, 38920056, 38924637, 38918959, 38922561, 38920447, 38923070, 38920813, 38924111, 38924021, 38920427, 38920684, 38919045, 38918920, 38921440, 38920288, 38923020, 38920953, 38919860, 38923280, 38920389, 38918980, 38922600, 38920233]",243,1704741307,Golden Rules of Interface Design (2013),story,https://www.cs.umd.edu/~ben/goldenrules.html,
22,todsacerdoti,0.0,38925802,,3,1704806160,"AI Toolkit: Give a brain to your game's NPCs, a header-only C++ library",story,https://github.com/linkdd/aitoolkit,
23,colinprince,55.0,38921237,"[38926706, 38926417, 38925474, 38925167, 38924752, 38925062, 38924301, 38922767, 38925201, 38926147, 38922977, 38926676, 38925529, 38924559, 38925094, 38922871, 38923864, 38922729]",157,1704765350,I cut GTA Online loading times by 70% (2021),story,https://nee.lv/2021/02/28/How-I-cut-GTA-Online-loading-times-by-70/,
24,pmzy,79.0,38890692,"[38924059, 38923211, 38922626, 38922661, 38922801, 38923855, 38921820, 38922052, 38921764, 38923497, 38923698, 38926682, 38920920, 38922030, 38922341, 38922718, 38921676, 38921775, 38922444, 38922152, 38925342, 38923531, 38921892]",192,1704542127,The best way to get unstuck,story,https://ggnotes.com/the-best-way-to-get-unstuck,
25,davikr,0.0,38910462,,4,1704712099,Shader Printf in HLSL and DX12,story,https://therealmjp.github.io/posts/hlsl-printf/,
26,przem8k,27.0,38899922,"[38921573, 38923689, 38923791, 38923175, 38921439, 38924324, 38923431, 38921593, 38923310, 38924415, 38923598, 38923452, 38923653, 38921273]",134,1704621421,Simple Lasts Longer,story,https://newsletter.pnote.eu/p/simple-lasts-longer,
27,zlingasdg,38.0,38923033,"[38924491, 38924811, 38925969, 38923902, 38926445, 38925826, 38923034]",55,1704781190,Picking the Widevine Locks: Acquiring and Using an L3 CDM,story,https://www.ismailzai.com/blog/picking-the-widevine-locks,
28,AlexeyBrin,28.0,38891286,"[38925595, 38924546, 38926532, 38923685, 38922893, 38923827]",54,1704548002,An Easy to Build Real Homemade Computer: Z80-MBC2,story,https://www.instructables.com/An-Easy-to-Build-Real-Homemade-Computer-Z80-MBC2/,
29,xingyzt,14.0,38906330,"[38925957, 38909902, 38908508, 38925288, 38907847, 38926145, 38908082]",39,1704670113,The two cultures of mathematics and biology (2014),story,https://liorpachter.wordpress.com/2014/12/30/the-two-cultures-of-mathematics-and-biology/,
30,vmoldo,26.0,38911245,"[38925493, 38923964, 38923405, 38925451, 38923517, 38923438, 38923307, 38923449]",45,1704718396,How to mod any lens for anamorphic bokeh,story,https://vmoldo.com/anamorfic-inserts/,
31,tosh,79.0,38912406,"[38913119, 38913501, 38915114, 38918649, 38913944, 38915675, 38914550]",129,1704724286,k on pdp11,story,https://ktye.github.io/pdp11/index.html,
32,eatonphil,33.0,38914764,"[38922471, 38921756, 38920843, 38922936, 38921602, 38922079, 38922882]",247,1704732776,An overview of distributed Postgres architectures,story,https://www.crunchydata.com/blog/an-overview-of-distributed-postgresql-architectures,
33,Sephr,23.0,38916266,"[38918706, 38919217, 38920951, 38919240]",27,1704739577,Unverified vanity URLs and interest tracking catalyze fraud online,story,https://eligrey.com/blog/adtech-catalyzing-fraud/,
34,scrambled,185.0,38905898,"[38908437, 38906424, 38926375, 38906773, 38906834, 38906170, 38909862, 38911428, 38906396, 38923078, 38911964, 38910363, 38908540, 38910129, 38912030, 38915364, 38906612, 38906429, 38907035, 38906784, 38911942, 38906857, 38906351, 38906915, 38907676, 38910971, 38909814, 38909076, 38906152, 38907819, 38906113]",407,1704666871,What does the cerebellum do?,story,https://sarahconstantin.substack.com/p/what-does-the-cerebellum-do-anyway,
35,mikece,0.0,38926276,,3,1704808997,DDoS threat report for 2023 Q4,story,https://blog.cloudflare.com/ddos-threat-report-2023-q4,
36,tomas789,58.0,38913425,"[38915336, 38926287, 38914351, 38914837, 38916927, 38920779, 38914859, 38915048, 38921938, 38922628, 38920308, 38917313, 38915045, 38916716, 38914824, 38915061, 38915138, 38914542]",438,1704728138,"Dive: A tool for exploring a Docker image, layer contents and more",story,https://github.com/wagoodman/dive,
37,georgehill,67.0,38919884,"[38920753, 38921324, 38924117, 38920856, 38920668, 38920688, 38921972, 38920695, 38921587, 38920681, 38920795]",176,1704756021,Turing Complete Transformers: Two Transformers Are More Powerful Than One,story,https://openreview.net/forum?id=MGWsPGogLH,
38,ignoramous,117.0,38921668,"[38922177, 38921800, 38922180, 38922564, 38921874, 38922800, 38923478, 38925067, 38921947, 38922155, 38923672, 38922042, 38921717, 38922778, 38921818, 38924041, 38923202]",309,1704768786,Mixtral 8x7B: A sparse Mixture of Experts language model,story,https://arxiv.org/abs/2401.04088,
39,brynet,127.0,38915759,"[38916535, 38915955, 38917454, 38917386, 38916240, 38919863, 38918353, 38919275, 38915808, 38917237, 38916075, 38917826, 38917117, 38917113]",301,1704737244,OpenBSD KDE Plasma Desktop,story,https://rsadowski.de/posts/2024-01-09-openbsd-kde/,
40,karpatic,9.0,38920942,"[38925897, 38925519, 38924531, 38925296, 38923573, 38923207, 38923899]",35,1704762760,"Yihui Xie, RMarkdown Creator, Laid Off from RStudio",story,https://yihui.org/en/2024/01/bye-rstudio/,
41,nomilk,160.0,38923969,"[38924560, 38924760, 38924666, 38924420, 38926566, 38925649, 38924545, 38925310, 38925004, 38925245, 38925233, 38925830, 38925085, 38925739, 38925475, 38924724, 38924899, 38925624, 38925141]",135,1704791933,"Heat pumps, more than you wanted to know (2023)",story,https://calv.info/heat-pumps,
42,birriel,144.0,38917749,"[38919771, 38920045, 38922153, 38918457, 38920791, 38921398, 38921999, 38920255, 38920499, 38919917, 38920138, 38918444, 38919855, 38919697]",227,1704746274,Cells across the body talk to each other about aging,story,https://www.quantamagazine.org/cells-across-the-body-talk-to-each-other-about-aging-20240108/,
43,thewarpaint,101.0,38921343,"[38922332, 38921705, 38921930, 38921617, 38922855, 38922698, 38922535, 38921648, 38922221, 38922222, 38922264, 38922274, 38922389, 38921852, 38921832, 38921710, 38923835, 38922066, 38923430, 38923419, 38922829, 38922185, 38922371, 38921606]",207,1704766292,Carta to exit secondary trading business,story,https://henrysward.medium.com/should-carta-facilitate-secondary-trading-c319e0c9f080,
44,maheshs,496.0,38912125,"[38920174, 38912617, 38921535, 38918205, 38912334, 38914079, 38912528, 38913086, 38912717, 38912434, 38922150, 38913444, 38913495, 38912736, 38915124, 38918766, 38913601, 38912951, 38912287, 38921746, 38918878, 38912403, 38913194, 38922565, 38919369, 38912130, 38918683, 38913778, 38919352, 38915520, 38913823, 38912495, 38912304, 38922685, 38921080, 38921727, 38913658, 38922301, 38912277, 38912300]",232,1704723081,IT employment grew by just 700 jobs in 2023,story,https://www.wsj.com/articles/it-employment-grew-by-just-700-jobs-in-2023-down-from-267-000-in-2022-adbd8a61,
45,francoismassot,44.0,38902042,"[38922545, 38921801, 38923654, 38905110, 38925393, 38922954, 38922726, 38921634, 38924532, 38923628, 38902524, 38903106]",120,1704641739,"Show HN: Quickwit – OSS Alternative to Elasticsearch, Splunk, Datadog",story,https://github.com/quickwit-oss/quickwit,"Hi folks, Quickwit cofounder here.<p>We started Quickwit 3 years ago with a POC, &quot;Searching the web for under $1000&#x2F;month&quot; (see HN discussions [0]), with the goal of making a robust OSS alternative to Elasticsearch &#x2F; Splunk &#x2F; Datadog.<p>We have reached a significant milestone with our latest release (0.7) [1], as we have witnessed users of the nightly version of Quickwit deploy clusters with hundreds of nodes, ingest hundreds of terabytes of data daily, and enjoy considerable cost savings.<p>To give you a concrete example, one company is ingesting hundreds of terabytes of logs daily and migrating from Elasticsearch to Quickwit. They divided their compute costs by 5x and storage costs by 2x while increasing retention from 3 to 30 days. They also increased their durability, accuracy with exactly-once semantics thanks to the native Kafka support, and elasticity.<p>The 0.7 release also brings better integrations with the Observability ecosystem: improvements of the Elasticsearch-compatible API and better support of OpenTelemetry standards, Grafana, and Jaeger.<p>Of course, we still have a lot of work to be a fully-fledged observability engine, and we would love to get some feedback or suggestions.<p>To give you a glance at our 2024 roadmap, we planned to focus on Kibana&#x2F;OpenDashboard integration, metrics support, and pipe-based query language.<p>[0] Searching the web for under $1000&#x2F;month: <a href=""https:&#x2F;&#x2F;news.ycombinator.com&#x2F;item?id=27074481"">https:&#x2F;&#x2F;news.ycombinator.com&#x2F;item?id=27074481</a><p>[1] Release blog post: <a href=""https:&#x2F;&#x2F;quickwit.io&#x2F;blog&#x2F;quickwit-0.7"" rel=""nofollow"">https:&#x2F;&#x2F;quickwit.io&#x2F;blog&#x2F;quickwit-0.7</a><p>[2] Open Source Repo: <a href=""https:&#x2F;&#x2F;github.com&#x2F;quickwit-oss&#x2F;quickwit"">https:&#x2F;&#x2F;github.com&#x2F;quickwit-oss&#x2F;quickwit</a><p>[3] Home Page: <a href=""https:&#x2F;&#x2F;quickwit.io"" rel=""nofollow"">https:&#x2F;&#x2F;quickwit.io</a>"
46,gone35,3.0,38897248,"[38922467, 38921075, 38923082, 38921851]",90,1704589131,The Tensor Network,story,https://tensornetwork.org,
47,artagnon,11.0,38901230,"[38921971, 38921181, 38925912, 38926493, 38921908, 38922078, 38922460, 38923303]",17,1704636070,Low-hanging fruit,story,https://artagnon.com/art/fruit,
48,isaacfrond,19.0,38923951,"[38925470, 38925340, 38926491, 38924053, 38925759, 38926529]",19,1704791766,OpenAI claims The New York Times tricked ChatGPT into copying its articles,story,https://www.theverge.com/2024/1/8/24030283/openai-nyt-lawsuit-fair-use-ai-copyright,
49,stncls,70.0,38916212,"[38917206, 38917301, 38916995, 38921093, 38919724, 38916935, 38923549, 38918856, 38918834, 38923688, 38918957]",140,1704739396,Solver Performance: 1989 vs. 2024,story,https://www.solvermax.com/blog/solver-performance-1989-vs-2024,
50,soap-,59.0,38915775,"[38916542, 38916152, 38916235, 38917883, 38924056, 38916070, 38916805, 38915853, 38917556, 38916103, 38919914, 38923162, 38920644, 38916306]",262,1704737310,Mario Maker 2 API,story,https://tgrcode.com/posts/mario_maker_2_api,
51,clouddrover,34.0,38923811,"[38925608, 38925284, 38925503, 38924611, 38923938, 38923988, 38926130, 38926017]",29,1704790086,Scientists discover 100 to 1000 times more plastics in bottled water,story,https://www.washingtonpost.com/climate-environment/2024/01/08/microplastics-nanoplastics-bottled-water-study/,
52,luu,12.0,38916694,"[38917896, 38920729, 38917343, 38919821]",41,1704741418,What is a standard error? [pdf],story,http://www.stat.columbia.edu/~gelman/research/published/standarderror.pdf,
53,xyzzy_plugh,76.0,38911740,"[38912107, 38913822, 38915620, 38914343, 38912147, 38913227, 38915790, 38913189, 38918552, 38916347, 38913909, 38913036, 38915152, 38914482, 38917345, 38921578, 38917333, 38912391, 38912314, 38912507]",249,1704721190,Why Aren't We Sieve-Ing?,story,https://brooker.co.za/blog/2023/12/15/sieve.html,
54,isaacfrond,5.0,38923995,"[38925295, 38926165]",17,1704792149,What I learned from using a Raspberry Pi 5 as my main computer for two weeks,story,https://arstechnica.com/gadgets/2024/01/what-i-learned-from-using-a-raspberry-pi-5-as-my-main-computer-for-two-weeks/,
55,sph,8.0,38917307,"[38918791, 38923966, 38923545, 38917682, 38923553, 38920111]",186,1704744168,How does one patch KDE2 under FreeBSD? (2012),story,https://knowyourmeme.com/memes/how-does-one-patch-kde2-under-freebsd,
56,cdme,3.0,38921375,"[38926562, 38921559]",14,1704766528,I found the music I love on the internet,story,https://coryd.dev/posts/2024/i-found-the-music-i-love-on-the-internet/,
57,frereubu,7.0,38923219,"[38926663, 38925304, 38923220, 38926078, 38924891]",27,1704783403,Discovery of loose bolts threatens wider 737 Max crisis for Boeing,story,https://www.ft.com/content/8d2c6102-6f5e-470b-a851-1a26b2985b8a,
58,sohkamyung,5.0,38900044,"[38920905, 38919303, 38919164, 38920714]",24,1704623207,1899 Peruvian dinero: the mystery of a coin that wasn't officially minted,story,https://heritagesciencejournal.springeropen.com/articles/10.1186/s40494-023-01092-2,
59,thunderbong,59.0,38911088,"[38915786, 38915445, 38913719, 38917379, 38913652, 38915195, 38913010, 38915097, 38924682, 38913715, 38913710, 38915032, 38920721, 38912463, 38912730, 38916206, 38913303, 38915650, 38914282, 38914059, 38912848, 38913406, 38913899]",206,1704717364,LinguaCafe: Self-hosted software for language learners to read foreign languages,story,https://simjanos-dev.github.io/LinguaCafeHome/,
60,iamwil,18.0,38916647,"[38917534, 38917636, 38918745, 38916856]",137,1704741212,Trade-offs between Different CRDTs,story,https://interjectedfuture.com/trade-offs-between-different-crdts/,
61,axiomdata316,13.0,38918569,"[38921107, 38920216, 38919008, 38918924, 38920796, 38919620, 38918767]",29,1704749997,A Rail Cart for the Space Conscious Passenger (2022),story,https://hackaday.com/2022/10/08/a-rail-cart-for-the-space-conscious-passenger/,
62,giis,27.0,38907821,"[38910694, 38909508, 38910060, 38909214, 38910656, 38908961, 38916433, 38910736, 38911349, 38911337]",346,1704683633,Visualizing Ext4,story,https://buredoranna.github.io/linux/ext4/2020/01/09/ext4-viz.html,
63,findhorn,101.0,38905891,"[38906504, 38906971, 38906616, 38907028, 38925768, 38906948, 38920915, 38907104, 38920961, 38922103, 38906622, 38907189, 38906382]",43,1704666798,Cycling Doping Fallacies,story,https://thenewleafjournal.com/cycling-doping-fallacies/,
64,oshams,109.0,38915999,"[38917199, 38924270, 38917458, 38919432, 38917914, 38916785, 38923859, 38918220, 38924382, 38921013, 38921493, 38920891, 38918362, 38916416, 38916878, 38916703, 38917329, 38920170, 38920388, 38916984, 38917583, 38918445, 38917619, 38917594, 38920832, 38916887, 38924360, 38918478, 38916795, 38923231, 38917116, 38917153, 38916197, 38917198, 38916560, 38923467, 38917915, 38919793, 38923833, 38919612]",169,1704738376,Show HN: Auto Wiki – Turn your codebase into a Wiki,story,https://wiki.mutable.ai,"Hi HN! I’m Omar from Mutable.ai. We want to introduce Auto Wiki (<a href=""https:&#x2F;&#x2F;wiki.mutable.ai&#x2F;"">https:&#x2F;&#x2F;wiki.mutable.ai&#x2F;</a>), which lets you generate a Wiki-style website to document your codebase. Citations link to code, with clickable references to each line of code being discussed. Here are some examples of popular projects:<p>React: <a href=""https:&#x2F;&#x2F;wiki.mutable.ai&#x2F;facebook&#x2F;react"">https:&#x2F;&#x2F;wiki.mutable.ai&#x2F;facebook&#x2F;react</a><p>Ollama <a href=""https:&#x2F;&#x2F;wiki.mutable.ai&#x2F;jmorganca&#x2F;ollama"">https:&#x2F;&#x2F;wiki.mutable.ai&#x2F;jmorganca&#x2F;ollama</a><p>D3: <a href=""https:&#x2F;&#x2F;wiki.mutable.ai&#x2F;d3&#x2F;d3"">https:&#x2F;&#x2F;wiki.mutable.ai&#x2F;d3&#x2F;d3</a><p>Terraform: <a href=""https:&#x2F;&#x2F;wiki.mutable.ai&#x2F;hashicorp&#x2F;terraform"">https:&#x2F;&#x2F;wiki.mutable.ai&#x2F;hashicorp&#x2F;terraform</a><p>Bitcoin: <a href=""https:&#x2F;&#x2F;wiki.mutable.ai&#x2F;bitcoin&#x2F;bitcoin"">https:&#x2F;&#x2F;wiki.mutable.ai&#x2F;bitcoin&#x2F;bitcoin</a><p>Mastodon: <a href=""https:&#x2F;&#x2F;wiki.mutable.ai&#x2F;mastodon&#x2F;mastodon"">https:&#x2F;&#x2F;wiki.mutable.ai&#x2F;mastodon&#x2F;mastodon</a><p>Auto Wiki makes it easy to see at a high level what a codebase is doing and how the work is divided. In some cases we’ve identified entire obsolete sections of codebases by seeing a section for code that was no longer important. Auto Wiki relies on our citations system which cuts back on hallucinations. The citations link to a precise reference or definition which means the wiki generation is grounded on the basis of the code being cited rather than free form generation.<p>We’ve run Auto Wiki on the most popular 1,000 repos on GitHub. If you want us to generate a wiki of a public repo for you, just comment in this thread! The wikis take time to generate as we are still ramping up our capacity, but I’ll reply that we’ve launched the process and then come back with a link to your wiki when it’s ready.<p>For private repos, you can use our app (<a href=""https:&#x2F;&#x2F;app.mutable.ai"">https:&#x2F;&#x2F;app.mutable.ai</a>) to generate wikis. We also offer private deployments with our own model for enterprise customers; you can ping us at info@mutable.ai. Anyone that already has access to a repo through GitHub will be able to view the wiki, only the person generating the wikis needs to pay to create them. Pricing starts at $4 and ramps up by $2 increments depending on how large your repo is.<p>In an upcoming version of Auto Wiki, we’ll include other sources of information relevant to your code and generate architectural diagrams.<p>Please check out Auto Wiki and let us know your thoughts! Thank you!"
65,ksec,184.0,38899183,"[38909646, 38910052, 38914977, 38909972, 38911509, 38910189, 38915596, 38909990, 38909954, 38910746, 38916543, 38909905, 38916060, 38912882, 38909607, 38909895, 38909657, 38917954, 38911735, 38910411, 38915387, 38910080, 38911047, 38915023, 38911052, 38909523, 38918254, 38918044, 38909749, 38913201, 38916934, 38910341, 38912649, 38915423, 38910987, 38909644, 38910869, 38909518, 38915394, 38909613, 38909676, 38910602, 38909660, 38909573, 38909585, 38909845, 38909580]",266,1704611131,What has a 1 in a million chance? (2010),story,https://www.stat.berkeley.edu/~aldous/Real-World/million.html,
66,ryandotsmith,13.0,38919862,"[38921436, 38921770, 38922919, 38923796, 38921896, 38921410, 38921170]",76,1704755904,OpenBSD Release Songs,story,https://www.openbsd.org/lyrics.html,
67,bitterblotter,106.0,38906989,"[38908039, 38910525, 38909221, 38907362, 38910096, 38918803, 38917037, 38908653, 38908490, 38909167, 38909978, 38908786, 38907987, 38911691, 38907591, 38910018, 38907881, 38925570]",461,1704675789,Show HN: I made a HTMX Playground 100% in the browser,story,https://lassebomh.github.io/htmx-playground/,"I recently dug up an old project in an attempt to improve on it. It&#x27;s a code sandbox for playing around with HTMX in the browser, that runs a mock server within the sandbox iframe. The server &quot;framework&quot; is loosely based on Django, so if you&#x27;re familiar with Django, you&#x27;ll immediately understand what&#x27;s going on.<p>I recommend clicking through the examples.<p>Github repo: <a href=""https:&#x2F;&#x2F;github.com&#x2F;lassebomh&#x2F;htmx-playground"">https:&#x2F;&#x2F;github.com&#x2F;lassebomh&#x2F;htmx-playground</a><p>Probably my favorite part is the lack of HTMX specific code. It&#x27;s designed to mimic the client and server, but really nothing else. In principle, this means that it is agnostic to whatever frontend framework is being used.<p>Known problems: Limited mobile support, Ace Editor (should just be Monaco) and lack of proper error outputs.<p>Feel free to give feedback, suggestions or questions.<p>I learned a lot when making it, and I hope you&#x27;ll something about HTMX! Happy tinkering."
68,mandarwagh,2.0,38924413,[38924414],7,1704795620,Apple announces when the Vision Pro will go on sale,story,https://www.mercurynews.com/2024/01/08/apple-announces-when-the-vision-pro-will-go-on-sale/,
69,harrisonlo,250.0,38901504,"[38904107, 38902007, 38905299, 38904609, 38902903, 38902217, 38902341, 38905064, 38901992, 38902315, 38908196, 38901989, 38902853, 38905927, 38902114, 38905894, 38902694, 38902352, 38904416, 38902259, 38902205, 38901826, 38903674, 38904296, 38904417, 38907774, 38902340, 38904654, 38903442, 38902584, 38901990, 38905784, 38902154, 38903214, 38910640, 38903078, 38902236, 38918054, 38905629, 38906747, 38909464, 38905605, 38902599, 38905873, 38908810, 38920823, 38908110, 38903047, 38903905, 38911060, 38905012, 38912155, 38907208, 38908151, 38918698, 38905327, 38904336, 38906373, 38906548, 38911164, 38907732, 38903147, 38902617, 38904310, 38902095, 38904118, 38905230, 38902141, 38902579, 38906255, 38903971, 38905725, 38906745, 38909095, 38902325, 38911952, 38903787, 38905117, 38904558, 38902638, 38902046, 38904573, 38902960, 38906794, 38901931, 38904845, 38902906, 38905415, 38902096, 38903807, 38902692, 38902976, 38902103, 38902640, 38906349, 38903289, 38903280, 38902011, 38909696, 38902108, 38906099, 38904362, 38910351, 38909561, 38908732, 38905874, 38902305, 38904635, 38904132, 38904128, 38903361, 38902285, 38905027, 38904981, 38905294, 38902099]",790,1704638086,"Show HN: I made an app that consolidated 18 apps (doc, sheet, form, site, chat…)",story,https://nino.app,"Nino is a radical approach to solve the app chaos problem for today&#x27;s knowledge worker. I believe there are still too many tools; even using them becomes work in itself. I&#x27;m building all these apps from scratch in one place, using the same database and UI, with the flexibility to eventually support the majority of work from one &quot;superapp.&quot;<p>Currently there are 18 apps (called &quot;modules&quot;) on Nino:<p>- Database types: Sheet, Form, Calendar, Gallery, Board, Todo, List<p>- Composition types: Doc, Slide, Drive, Notebook, Canvas, Grid, Blog, Site<p>- Communication types: Channel, Chat, Meet<p>I want to improve these modules and build more. Your feedback is important!<p>FAQ: How is it different from Google Workspace, Microsoft 365, or startups like Notion and Clickup?<p>A: I <i>think</i> Nino has a better foundation to (1) consolidate a lot more apps than they currently do, (2) drastically improve speed with offline architecture, and (3) offer unmatched privacy and security with end-to-end encryption (coming soon)<p>Let me expand on these points:<p>1. Consolidation<p>In Nino, pages and blocks are interoperable with each other. Google and Microsoft still have mostly isolated apps. Nino is one (super)app that supports 18 modules, saving you time from switching and integrating between different providers.<p>2. Offline mode<p>This is actually more complex than it seems, but I ultimately decided it&#x27;s worth it, not only for people who need to work without internet, but also for everyone else who want instant page load. Everything is saved locally by default.<p>3. End-to-end encryption (E2EE)<p>This is just a preview and not open to public yet, but is something I have been building alongside since day 1. In fact, it&#x27;s likely not architecturally possible for existing products to add later on. Nino is built to offer both E2EE and cloud features (backup, search, collaboration).<p>One more thing: pages on Nino are also publishable! There are blog and site modules, but you can also publish other modules (i.e. sheet, board, canvas, etc.) on your custom domain or on a free nino.page subdomain.<p>Give it a try and let me know how it can improve. I want to hear from you."
70,etimberg,654.0,38917820,"[38923215, 38918239, 38919805, 38918798, 38920586, 38918025, 38920716, 38918927, 38924877, 38918883, 38918302, 38917985, 38923686, 38918092, 38923133, 38919230, 38925586, 38918551, 38924989, 38925019, 38920896, 38918704, 38919155, 38918932, 38919465, 38918344, 38919397, 38923304, 38920445, 38920357, 38921115, 38922507, 38919453, 38919373, 38919925, 38917973, 38920567, 38918635, 38918247, 38918909, 38918022, 38918357, 38920489, 38921034, 38920628, 38920752, 38920301, 38918601, 38918109, 38921044, 38918882, 38919232, 38918053, 38918926, 38917967, 38919113, 38920927, 38922112, 38918102]",466,1704746617,United finds loose bolts on plug doors during 737 Max 9 inspections,story,https://theaircurrent.com/feed/dispatches/united-finds-loose-bolts-on-plug-doors-during-737-max-9-inspections/,
71,sbt567,114.0,38907568,"[38908037, 38913313, 38908866, 38908564, 38908702, 38907937, 38913159, 38908092, 38909642, 38907876, 38911974, 38908817, 38908923, 38913689, 38908622, 38910588, 38913269, 38909148, 38908486, 38907719, 38910489]",322,1704680694,MotorOS: a Rust-first operating system for x64 VMs,story,https://github.com/moturus/motor-os,
72,npalli,52.0,38919709,"[38923491, 38921653, 38920946, 38920082, 38923203, 38923000, 38921234, 38921304]",79,1704755192,"Unity Software plans to reduce its workforce by 25%, eliminating ~1,800 jobs",story,https://www.bloomberg.com/news/articles/2024-01-08/unity-software-to-cut-1-800-employees-about-25-of-workforce,
73,jkuria,38.0,38890489,"[38904469, 38909311, 38904915, 38905560, 38904691, 38905216, 38904010, 38908958, 38909766, 38908462]",140,1704540087,The Usefulness of Useless Knowledge (1939) [pdf],story,https://www.ias.edu/sites/default/files/library/UsefulnessHarpers.pdf,
74,8organicbits,335.0,38913212,"[38913671, 38916763, 38917539, 38916620, 38913864, 38913895, 38914630, 38917817, 38919723, 38921702, 38916559, 38914074, 38913534, 38920932, 38916718, 38913708, 38913629, 38913677, 38916842, 38913850, 38916507, 38916635, 38918188]",231,1704727368,Alaska 737 cockpit voice recorder data erasure renews safety debate,story,https://www.reuters.com/business/aerospace-defense/alaska-737-cockpit-voice-recorder-data-erasure-renews-industry-safety-debate-2024-01-08/,
75,RalfWausE,49.0,38911227,"[38911787, 38912214, 38912942, 38913441, 38911682, 38912940, 38916010, 38918419, 38911706, 38912728]",101,1704718275,bigFORTH (1997-),story,https://bernd-paysan.de/bigforth.html,
76,sergiotapia,53.0,38914407,"[38916297, 38915434, 38915752, 38917972, 38917082, 38914726, 38914990, 38920660, 38920511, 38918687, 38918273, 38917314, 38918280, 38914989, 38914971, 38919688, 38919024, 38917253, 38916547, 38918719]",380,1704731383,Elixir is now a gradually typed language,story,https://twitter.com/josevalim/status/1744395345872683471,
77,helsinkiandrew,53.0,38925301,"[38925769, 38926023, 38925438, 38925824, 38925674, 38926164, 38925496, 38925710, 38925479, 38925882, 38925664, 38925819, 38925954, 38926471, 38925956, 38926065, 38925865, 38925983, 38926118]",38,1704802928,The Magnitude of the AI Bubble,story,https://apolloacademy.com/the-magnitude-of-the-ai-bubble/,
78,accrual,342.0,38903314,"[38903622, 38903553, 38904149, 38903552, 38903603, 38903567, 38903884, 38903606, 38903663, 38904570, 38923379, 38903757, 38904943, 38903617, 38903517, 38903513, 38903734, 38904096, 38904218, 38903770, 38903580, 38903803, 38903572, 38923031, 38904248, 38907744, 38903621, 38903642, 38904408, 38903605, 38903949, 38903575, 38903573, 38903653, 38904875, 38903741, 38905604, 38904962, 38903577, 38905786, 38903854, 38903801, 38904165, 38906366, 38905053, 38904090, 38903743, 38905086, 38907404, 38907395]",223,1704649738,Windows XP 2024 Edition is everything I want from a new OS,story,https://overclock3d.net/news/software/windows-xp-2024-edition-is-everything-i-want-from-a-new-os/,
79,klaussilveira,8.0,38915421,"[38920745, 38917340, 38922506]",48,1704735715,Pg_rman: Backup/Restore Tool for PostgreSQL,story,https://github.com/ossc-db/pg_rman,
80,klaussilveira,11.0,38915291,"[38925418, 38921906, 38920232, 38920903, 38923793, 38919815, 38918812]",21,1704735093,Restic – Simple Backups,story,https://github.com/restic/restic,
81,thunderbong,133.0,38917175,"[38917782, 38918577, 38917521, 38917459, 38925821, 38917904, 38917385, 38918213, 38917814, 38924109, 38917415, 38918555, 38918626, 38917627, 38919680, 38917549, 38917457, 38918332, 38917446, 38918588, 38918071, 38918379, 38917724]",311,1704743686,The curious case of the Raspberry Pi in the network closet (2019),story,https://blog.haschek.at/2019/the-curious-case-of-the-RasPi-in-our-network.html,
82,alabhyajindal,29.0,38913220,"[38915807, 38915811, 38926089, 38915867, 38919956, 38920939, 38915702, 38917124, 38918870, 38913691, 38915755, 38915830, 38915854]",38,1704727390,Show HN: I Made a Sudoku Game,story,https://sudoku-aj.netlify.app/,"Source: <a href=""https:&#x2F;&#x2F;github.com&#x2F;alabhyajindal&#x2F;sudoku&#x2F;blob&#x2F;main&#x2F;index.html"">https:&#x2F;&#x2F;github.com&#x2F;alabhyajindal&#x2F;sudoku&#x2F;blob&#x2F;main&#x2F;index.html</a>"
83,greyface-,67.0,38902414,"[38917912, 38916904, 38906426, 38916351, 38917709, 38917946, 38916336, 38915859, 38922201, 38916260, 38916537, 38919566, 38920717, 38915749, 38915876, 38916810, 38917095, 38917310, 38917378]",130,1704644267,The browser's biggest TLS mistake,story,https://blog.benjojo.co.uk/post/browsers-biggest-tls-mistake,
84,benrutter,150.0,38923627,"[38924048, 38923952, 38923901, 38923906, 38923999, 38923948, 38924091, 38924007, 38924034, 38924119, 38924152, 38923887, 38924381, 38924237, 38926444, 38924630, 38924010, 38924805, 38924068, 38925880, 38923942, 38924594, 38924145, 38924073, 38923918, 38924022, 38924556, 38924290, 38924354, 38924619, 38925175, 38924537, 38924065, 38924099, 38924311, 38925650, 38924233, 38924228, 38925029, 38923849]",107,1704787993,Where Have All the Websites Gone?,story,https://www.fromjason.xyz/p/notebook/where-have-all-the-websites-gone/,
85,PaulHoule,92.0,38912581,"[38915026, 38914335, 38914667, 38914513, 38915627, 38915047, 38914196, 38915665, 38916128, 38913746, 38916951, 38914988, 38916909, 38914926, 38916182, 38915330, 38913572, 38913923]",96,1704724928,Web CGI programs aren't particularly slow these days,story,https://utcc.utoronto.ca/~cks/space/blog/web/CGINotSlow,
86,bookofjoe,28.0,38910965,"[38917542, 38910967, 38915920, 38916648, 38916476, 38914678, 38915528, 38915715]",70,1704716624,The Mystery of the Coin That Shouldn't Exist,story,https://www.nytimes.com/2024/01/07/science/dinero-peru-coin-1899-counterfeit.html,
87,whoami_nr,33.0,38904963,"[38918610, 38918515, 38920523, 38918202, 38917810, 38917998, 38917192, 38908211]",98,1704660288,Attacks on machine learning models,story,https://rnikhil.com/2024/01/07/attacking-neural-networks.html,
88,shrubble,1.0,38920950,[38921148],10,1704762835,Huawei and Bird Successful in Wifi6 Patent Dispute with Amazon,story,https://www.juve-patent.com/cases/huawei-and-bird-bird-successful-against-amazon-in-dispute-over-wifi-routers/,
89,rbanffy,20.0,38906736,"[38908719, 38907440, 38907465, 38911684]",36,1704673788,Machine learning helps fuzzing find hardware bugs,story,https://spectrum.ieee.org/hardware-hacking,
90,NavinF,261.0,38909735,"[38911293, 38911495, 38911793, 38915718, 38912427, 38912500, 38911162, 38912674, 38911536, 38911220, 38913087, 38911727, 38913102, 38911629, 38914642, 38915966, 38913243, 38914150, 38913013, 38911275, 38911649, 38913868, 38915041, 38911602, 38914653, 38911599, 38911930, 38913281, 38912158, 38911339, 38916401, 38912592, 38913311, 38911405, 38911427, 38911980, 38911550, 38916082, 38911992, 38918556, 38911361, 38912067, 38913605, 38913784]",284,1704705265,"The phrase ""no evidence"" is a red flag for bad science communication (2021)",story,https://www.astralcodexten.com/p/the-phrase-no-evidence-is-a-red-flag,
91,makeworld,12.0,38918969,"[38925671, 38920997, 38922595, 38924262, 38920655]",42,1704751963,Show HN: Merkdir – create Merkle trees from your directories,story,https://github.com/makew0rld/merkdir,
92,iafisher,39.0,38918554,"[38919426, 38919584, 38920551, 38920278, 38920274, 38921734, 38919368, 38919868]",77,1704749925,"totally_safe_transmute, Line-by-Line (2021)",story,https://blog.yossarian.net/2021/03/16/totally_safe_transmute-line-by-line,
93,cmhteixeira,38.0,38916397,"[38917729, 38918042, 38918567, 38917865, 38919273, 38920515, 38917452, 38917579, 38917647, 38918034, 38917770, 38917474]",68,1704740045,Async File IO,story,https://cmhteixeira.com/concurrency/asyncfileio.html,
94,jarekceborski,9.0,38910733,"[38915612, 38915522, 38922260, 38921543, 38919696, 38919502, 38919746]",39,1704714831,Show HN: I made an online Webhook Tester,story,https://webhook.cool/,"Hi HN! Last year, I built LocalCan app in which you can develop apps using .local domains and Public URLs.<p>Although it allows for testing webhooks too, I wanted to give back and create a free online tool specifically for that purpose! And so, I&#x27;ve made Webhook.cool<p>Simply use your unique webhook URL to send any webhook to it from services like Shopify, Slack, Mailchimp, Trello, GitHub, PayPal, Discord, and Jira.<p>Give it a try and let me know how if you have any feedback."
95,thip,29.0,38904255,"[38912748, 38922925, 38913933, 38912813, 38911144, 38912690, 38906719, 38911586, 38912122, 38911666]",49,1704655284,"Designing, manufacturing, and selling an LED 'social battery' pin badge",story,https://davidcapper.dev/posts/social-batteries-part-1,
96,birb07,3.0,38915157,"[38919234, 38924318]",62,1704734506,PostmarketOS in 2024-01: Infrastructure and bug reports,story,https://postmarketos.org/blog/2024/01/08/infrastructure-and-testing/,
97,jfk13,3.0,38925298,"[38926526, 38925485]",12,1704802897,2023 confirmed as hottest year on record,story,https://www.bbc.co.uk/news/science-environment-67861954,
98,FerretFred,215.0,38911221,"[38911807, 38922174, 38911761, 38923124, 38914446, 38922189, 38922335, 38911899, 38912317, 38925698, 38922990, 38913647, 38922974, 38922642, 38922558, 38911680, 38922517, 38921503, 38924639, 38911770, 38921885, 38922257, 38923520, 38922267, 38922494, 38921914, 38911779, 38925644, 38911755, 38912327, 38911752, 38911860, 38924107, 38911689, 38922810, 38911988, 38918593, 38911771, 38911376, 38911946, 38912094, 38922175, 38922291, 38911832, 38925198, 38922143, 38922080, 38912134, 38922981, 38917517, 38911808, 38922161, 38922126, 38914758, 38911827, 38911780, 38923287, 38912812, 38922666, 38922435, 38911679, 38922437, 38911650, 38911812, 38911790, 38913221, 38923055, 38911695, 38911802, 38923800, 38923344, 38922765, 38923051, 38923155, 38922297, 38911804, 38923297, 38922815, 38922776, 38922404, 38911767, 38922438, 38922794, 38922682, 38922851, 38911683, 38923044, 38922556, 38920284, 38913143, 38911239, 38911576, 38922582, 38911652, 38922554, 38922961, 38922617, 38922478, 38922256, 38922822, 38921411, 38912002, 38911798, 38911635, 38911792]",107,1704718225,Ask HN: How many of you are consciously downsizing your devices/going retro?,story,,"Although Sales and Marketing would have us believe that we should upgrade our devices on a regular basis, a growing number of us are pushing back and consciously not buying new and many cases going retro and using older machines with a modern OS. I eschewed desktops in favour of laptops and now I&#x27;ve progressed to an iPad Mini 6 and a 2018 Android Tablet with Termux and Debian 12 (non-GUI). How about you?"
99,trojanalert,165.0,38908427,"[38914735, 38915870, 38916649, 38923755, 38909609, 38915448, 38909530, 38909759, 38910025, 38915631, 38917455, 38914765, 38914531, 38915781, 38910055, 38909808, 38909522, 38909495, 38909533, 38915276]",158,1704689660,How meta built the infrastructure for Threads,story,https://engineering.fb.com/2023/12/19/core-infra/how-meta-built-the-infrastructure-for-threads/,
